participant,age,education,form,sentence,order,visible,acceptable,correctable,additional,add_inf,acceptable_inf
P001,48,высшее,Old1,3,1,0,0,0,1,подчёркивать - подчеркнуть,0
P002,21,высшее,Old1,3,1,1,1,1,0,,1
P003,44,высшее,Old1,3,1,0,0,0,1,короткие юбки - короткая юбка,0
P004,51,высшее,Old1,3,1,1,1,0,0,,чрезмерный
P005,47,высшее,Old1,3,1,1,1,1,0,,1
P006,46,высшее,Old1,3,1,1,1,1,1,подчёркивать - подчёркнуть,1
P007,35,высшее,Old1,3,1,0,0,0,1,способами - возможностью,0
P008,33,среднее,Old1,3,1,0,0,0,1,исправил пунктуацию,0
P009,51,высшее,Old1,3,1,1,1,0,1,испарвил пунктуацию ,стильный
P010,37,высшее,Old1,3,1,0,0,0,1,подчёркивать - выделить,0
P011,45,высшее,Old1,3,1,0,0,0,1,способами - способом,0
P012,45,высшее,Old1,3,1,0,0,0,1,поменял структуру предложения,0
P013,21,высшее,Old2,10,2,1,1,1,0,,1
P014,48,высшее,Old2,10,2,1,1,1,1,нам - ' ',1
P015,51,высшее,Old2,10,2,1,1,1,0,,1
P015,51,высшее,Old2,8,13,1,1,1,0,,1
P016,22,неполное высшее,Old2,10,2,1,1,1,0,,1
P017,21,неполное высшее,Old2,10,2,0,0,0,1,неполный - ' ',0
P018,33,среднее,Old2,10,2,0,0,0,1,неполный - не полный,0
P019,20,среднее,Old2,10,2,1,1,1,1,нам - ' '; поменял структуру предложения,1
P019,20,среднее,Old2,8,13,1,1,1,1,WO,1
P020,51,высшее,Old2,10,2,1,1,1,0,,1
P021,19,неполное высшее,Old2,10,2,1,1,1,0,,1
P022,45,высшее,Old2,10,2,1,1,1,0,,1
P023,44,высшее,Old3,1,6,1,1,0,0,,появилась
P024,48,высшее,Old3,1,6,1,1,1,1,около - рядом с,1
P025,21,высшее,Old3,1,6,1,1,0,0,,появилась
P026,21,неполное высшее,Old3,1,6,1,1,0,1,когда - как,появилась
P027,47,высшее,Old3,1,6,1,1,0,1,WO,появилась
P028,51,высшее,Old3,1,6,1,1,1,1,около - рядом с ,1
P029,19,неполное высшее,Old3,1,6,1,1,0,0,,появилась
P030,24,высшее,Old3,1,6,1,1,1,1,", - и; когда - как",1
P031,22,высшее,Old3,1,6,1,1,0,0,,появилась
P032,27,неполное высшее,Old3,1,6,1,1,1,0,,1
P033,45,высшее,Old3,1,6,1,1,1,0,,1
P034,20,неполное высшее,Old7,9,8,0,0,0,0,,0
P034,20,неполное высшее,Old7,12,11,0,0,0,0,,0
P034,20,неполное высшее,Old7,11,16,1,1,1,0,,1
P035,20,неполное высшее,Old7,9,8,0,0,0,0,,0
P035,20,неполное высшее,Old7,12,11,1,1,1,0,,1
P035,20,неполное высшее,Old7,11,16,0,0,0,0,,0
P036,21,неполное высшее,Old7,9,8,1,1,0,1,мечта.GEN.SG - мечта.ACC.PL,осуществлю мечты
P036,21,неполное высшее,Old7,12,11,1,1,1,0,,1
P036,21,неполное высшее,Old7,11,16,1,1,1,0,,1
P037,20,неполное высшее,Old7,9,8,1,1,0,1,мечта.GEN.SG - мечта.ACC.SG,исполню мечту
P037,20,неполное высшее,Old7,12,11,1,1,1,0,,1
P037,20,неполное высшее,Old7,11,16,1,1,1,0,,1
P038,67,высшее,Old7,9,8,1,1,0,1,мечта.GEN.SG - мечта.ACC.SG,исполню мечту
P038,67,высшее,Old7,12,11,1,1,1,0,,1
P038,67,высшее,Old7,11,16,1,1,1,0,,1
P039,47,высшее,Old7,9,8,1,1,0,1,мечта.GEN.SG - мечта.ACC.SG,исполню мечту
P039,47,высшее,Old7,12,11,1,1,1,0,,1
P039,47,высшее,Old7,11,16,1,1,0,0,,всегда
P040,19,неполное высшее,Old7,9,8,0,0,0,0,,0
P041,19,неполное высшее,Old7,9,8,1,0,0,0,добьюсь - достигну,0
P041,19,неполное высшее,Old7,12,11,1,1,1,0,,1
P041,19,неполное высшее,Old7,11,16,1,1,1,0,,1
P042,20,неполное высшее,Old8,2,4,1,1,0,0,,стабильной
P043,45,высшее,Old8,2,4,1,1,0,1,примерно - около,размеренной
P044,56,высшее,Old8,2,4,1,1,0,0,,стабильной
P045,46,высшее,Old8,2,4,0,0,0,0,,0
P046,48,высшее,Old8,2,4,1,1,0,1,примерно - около,стабильной
P047,60,высшее,Old8,2,4,1,1,1,1,безопасной - однообразной,1
P048,68,высшее,Old8,2,4,1,1,1,1,безопасной - размеренной,1
P049,39,высшее,Old8,2,4,1,1,1,0,,1
P050,44,высшее,Old8,2,4,0,0,0,1, ' - назад,0
P051,40,высшее,Old8,2,4,1,1,1,0,,1
P052,20,неполное высшее,Old8,2,4,0,0,0,1, ' - назад,0
P053,49,высшее,Old8,2,4,0,0,0,0,,0
P054,33,высшее,Old8,2,4,1,0,0,0,,0
P055,43,высшее,Old8,2,4,0,0,0,0,,0
P056,58,высшее,New1,4,10,0,0,0,1,или - ' ',0
P057,20,неполное высшее,New1,4,10,0,0,0,0,,0
P058,20,неполное высшее,New1,4,10,0,0,0,1,исправил пунктуацию,0
P059,20,неполное высшее,New1,4,10,1,1,1,1,или - либо,1
P060,20,неполное высшее,New1,4,10,0,0,0,0,,0
P061,39,неполное высшее,New1,4,10,1,1,1,1,поменял структуру предложения,1
P062,32,высшее,New1,4,10,0,0,0,1,испарвил пунктуацию,0
P063,45,высшее,New1,4,10,0,0,0,1,испарвил пунктуацию,0
P064,18,неполное высшее,New1,4,10,1,1,1,0,,1
P065,21,неполное высшее,New1,4,10,0,0,0,0,,0
P066,26,высшее,New1,4,10,1,1,1,1,исправил пунктуацию,1
P066,26,высшее,New1,3,13,1,1,1,1,подчёркивать - подчеркнуть,1
P067,50,высшее,New1,4,10,1,1,0,1,исправил пунктуацию,уменьшить количество проблем
P067,50,высшее,New1,3,13,0,0,0,1,способами - способом; подчёркивать - подчеркнуть,0
P068,42,высшее,New1,4,10,1,1,1,1,поменял структуру предложения,1
P068,42,высшее,New1,3,13,1,1,1,1,способами - способом; подчёркивать - подчеркнуть,1
P069,40,высшее,New1,4,10,0,0,0,1,исправил пунктуацию,0
P069,40,высшее,New1,3,13,0,0,0,0,подчёркивать - подчеркнуть,0
P070,18,среднее,New1,4,10,0,0,0,1,исправил пунктуацию,0
P070,18,среднее,New1,3,13,0,0,0,0,,0
P071,41,высшее,New1,4,10,0,0,0,0,,0
P072,42,высшее,New1,4,10,1,1,1,1,исправил пунктуацию,1
P072,42,высшее,New1,3,13,1,1,1,0,,1
P073,50,высшее,New1,4,10,0,0,0,1,исправил пунктуацию,0
P074,47,высшее,New1,4,10,1,1,0,1,или - либо; исправил пунктуацию,уменьшить количество проблем
P075,47,высшее,New1,4,10,0,0,0,1,или - ' ',0
P076,41,высшее,New1,4,10,1,1,0,1,исправил пунктуацию,уменьшить количество проблем
P077,59,высшее,New2,5,4,1,1,1,1,остальных - чем другие,1
P077,59,высшее,New2,8,6,1,1,0,1,казалось бы - кажется,границ
P078,35,высшее,New2,5,4,0,0,0,0,,0
P078,35,высшее,New2,8,6,1,1,0,1,возможностям - у возможностей,границ
P079,18,неполное высшее,New2,5,4,1,1,1,0,,1
P079,18,неполное высшее,New2,8,6,1,1,1,0,,1
P080,20,неполное высшее,New2,5,4,1,1,1,0,,1
P080,20,неполное высшее,New2,8,6,1,1,1,1,бы - ' ' ,1
P081,18,неполное высшее,New2,5,4,1,1,1,1,остальных - чем остальные,1
P081,18,неполное высшее,New2,8,6,1,1,1,0,,1
P082,21,неполное высшее,New2,5,4,0,0,0,0,,0
P082,21,неполное высшее,New2,8,6,1,1,0,0,,ограничения
P083,26,высшее,New2,5,4,1,1,1,0,,1
P083,26,высшее,New2,8,6,1,1,1,0,,1
P084,21,неполное высшее,New2,5,4,1,1,1,0,,1
P084,21,неполное высшее,New2,8,6,1,1,1,0,,1
P085,19,неполное высшее,New2,5,4,1,0,0,0,,0
P085,19,неполное высшее,New2,8,6,1,1,1,0,,1
P086,56,неполное высшее,New2,5,4,1,1,1,1,остальных - чем остальные,1
P086,56,неполное высшее,New2,8,6,1,1,1,1,бы - ' ',1
P087,45,высшее,New2,5,4,1,0,0,1,поменял структуру предложения,0
P087,45,высшее,New2,8,6,1,1,1,1,нет - не имеют,1
P088,19,неполное высшее,New2,5,4,1,1,1,1,остальных -  последующих,1
P088,19,неполное высшее,New2,8,6,1,0,0,0,,0
P089,27,высшее,New2,5,4,1,1,1,0,,1
P089,27,высшее,New2,8,6,1,0,0,0,,0
P090,46,высшее,New2,5,4,0,0,0,0,,0
P090,46,высшее,New2,8,6,1,1,1,0,,1
P091,18,неполное высшее,New2,5,4,1,1,1,1,больше - сильнее,1
P091,18,неполное высшее,New2,8,6,1,1,0,1,возможностям -  у возможностей,границ
P092,18,неполное высшее,New2,5,4,1,1,1,0,,1
P092,18,неполное высшее,New2,8,6,1,1,1,1,предела - пределов,1
P093,18,неполное высшее,New2,5,4,1,1,1,0,,1
P093,18,неполное высшее,New2,8,6,1,1,1,1,нет - не было,1
P094,42,высшее,New2,5,4,1,0,0,0,,0
P094,42,высшее,New2,8,6,1,1,1,0,,1
P095,16,среднее,New2,5,4,1,1,1,0,,1
P095,16,среднее,New2,8,6,1,1,1,0,,1
P096,19,неполное высшее,New3,1,13,1,1,1,0,,1
P097,19,неполное высшее,New3,1,13,1,1,1,0,,1
P098,26,высшее,New3,1,13,1,1,0,0,около - возле,возникла
P099,24,высшее,New3,1,13,1,1,1,1,когда - ка,1
P100,20,неполное высшее,New3,1,13,1,1,1,0,,1
P101,25,неполное высшее,New3,1,13,1,1,1,0,,1
P102,26,неполное высшее,New7,11,7,1,1,1,0,,1
P102,26,неполное высшее,New7,12,9,1,1,1,0,,1
P102,26,неполное высшее,New7,9,12,1,1,0,1,мечта.GEN.SG - мечта.ACC.SG,исполню мечту
P103,18,среднее,New7,11,7,1,1,1,0,,1
P103,18,среднее,New7,12,9,1,1,1,0,,1
P103,18,среднее,New7,9,12,1,1,0,1,мечта.GEN.SG - мечта.ACC.SG,воплощу мечту
P104,19,неполное высшее,New7,11,7,1,1,1,1, ' - и,1
P104,19,неполное высшее,New7,12,9,1,1,1,0,,1
P104,19,неполное высшее,New7,9,12,1,1,0,0,,исполнения
P105,20,неполное высшее,New7,11,7,1,1,1,0,,1
P105,20,неполное высшее,New7,12,9,1,1,1,0,,1
P105,20,неполное высшее,New7,9,12,0,0,0,0,,0
P106,18,неполное высшее,New7,11,7,1,1,1,0,,1
P106,18,неполное высшее,New7,12,9,1,1,1,0,,1
P106,18,неполное высшее,New7,9,12,1,1,1,0,,1
P107,20,неполное высшее,New7,11,7,1,1,0,0,,всегда
P107,20,неполное высшее,New7,12,9,1,1,1,0,,1
P107,20,неполное высшее,New7,9,12,1,0,0,1,добьюсь - достигну,0
P108,58,высшее,New7,11,7,1,1,1,1,WO,1
P108,58,высшее,New7,12,9,1,1,1,0,,1
P108,58,высшее,New7,9,12,1,0,0,1,добьюсь - достигну,0
P109,21,неполное высшее,New7,11,7,1,1,1,0,WO,1
P109,21,неполное высшее,New7,12,9,1,1,1,1,убрал часть и добавил нового,1
P109,21,неполное высшее,New7,9,12,1,1,0,1,мечта.GEN.SG - мечта.ACC.SG,исполню мечту
P110,19,неполное высшее,New7,11,7,1,1,1,0,,1
P110,19,неполное высшее,New7,12,9,1,1,1,0,,1
P110,19,неполное высшее,New7,9,12,1,1,1,0,,1
P111,45,высшее,New7,11,7,1,1,0,1,WO,всякая нормальная пара
P111,45,высшее,New7,12,9,1,1,1,1,опечатка; ' ' - и,1
P111,45,высшее,New7,9,12,1,1,0,1,мечта.GEN.SG - мечта.ACC.SG,исполню мечту
P112,18,неполное высшее,New7,11,7,1,1,1,0,,1
P112,18,неполное высшее,New7,12,9,1,1,1,0,,1
P112,18,неполное высшее,New7,9,12,0,0,0,0,,0
P113,39,высшее,New7,11,7,1,1,0,0,,всегда
P113,39,высшее,New7,12,9,0,0,0,0,,0
P113,39,высшее,New7,9,12,0,0,0,0,,0
P114,36,высшее,New7,11,7,1,1,1,1,WO,1
P114,36,высшее,New7,12,9,1,1,1,0,,1
P114,36,высшее,New7,9,12,1,1,0,1,опечатка,исполнения
P115,58,высшее,New7,11,7,1,1,1,1,как - ' ',1
P115,58,высшее,New7,12,9,1,1,1,1, ' - и,1
P115,58,высшее,New7,9,12,1,1,1,0,,1
P116,42,высшее,New7,11,7,1,1,1,0,,1
P116,42,высшее,New7,12,9,1,1,1,0,,1
P116,42,высшее,New7,9,12,0,0,0,0,,0
P117,59,высшее,New7,11,7,1,1,1,1,как - ' ',1
P117,59,высшее,New7,12,9,1,1,1,1,баллон - спасательный круг,1
P117,59,высшее,New7,9,12,0,0,0,1,и - тоже,0
P118,19,неполное высшее,New7,11,7,1,1,0,0,,полагается
P118,19,неполное высшее,New7,12,9,1,1,1,0,,1
P118,19,неполное высшее,New7,9,12,1,1,1,0,,1
P119,36,высшее,New7,11,7,1,0,0,1,убрал часть,0
P119,36,высшее,New7,12,9,1,1,1,0,,1
P119,36,высшее,New7,9,12,1,1,1,0,и - ' ',1
P120,38,высшее,New7,11,7,1,1,0,0,,положено
P120,38,высшее,New7,12,9,1,1,1,0,,1
P120,38,высшее,New7,9,12,1,1,0,1,мечта.GEN.SG - мечта.ACC.SG,исполню мечту
P121,58,высшее,New7,11,7,1,1,1,1,WO,1
P121,58,высшее,New7,12,9,1,1,1,1,баллон - спасательный круг,1
P121,58,высшее,New7,9,12,1,0,0,1,поменял предложение,0
P122,59,высшее,New7,11,7,1,1,1,0,,1
P122,59,высшее,New7,12,9,1,1,1,1,баллон - круг,1
P122,59,высшее,New7,9,12,1,1,0,1,мечта.GEN.SG - мечта.ACC.SG,исполню мечту
P123,19,неполное высшее,New7,11,7,1,1,1,0,,1
P123,19,неполное высшее,New7,12,9,1,1,1,0,,1
P123,19,неполное высшее,New7,9,12,0,0,0,0,,0
P124,20,неполное высшее,New8,6,2,1,1,1,1,исправил пунктуацию; журнала - издания,1
P124,20,неполное высшее,New8,2,15,1,1,0,1,полгода - на протяжении полугода,стабильной
P125,22,неполное высшее,New8,6,2,1,1,1,1,исправил пунктуацию,1
P125,22,неполное высшее,New8,2,15,1,1,0,0,,обычной
P126,40,высшее,New8,6,2,1,1,1,1,опечатка; исправил пунктуацию,1
P126,40,высшее,New8,2,15,0,0,0,0,,0
P127,20,неполное высшее,New8,6,2,0,0,0,1,исправил пунктуацию,0
P128,19,неполное высшее,New8,6,2,0,0,0,1,из журнала - в журнале,0
P129,21,неполное высшее,New8,6,2,1,1,0,1,исправил пунктуацию,сотрудники
P130,20,неполное высшее,New8,6,2,0,0,0,1,исправил пунктуацию,0
P131,24,высшее,New8,6,2,1,1,0,0,,сотрудники
P132,18,неполное высшее,New8,6,2,1,1,0,1,исправил пунктуацию,сотрудники
P132,18,неполное высшее,New8,2,15,1,1,0,0,,стабильной
P133,18,неполное высшее,New8,6,2,0,0,0,1,исправил пунктуацию,0
P134,58,высшее,New8,6,2,1,1,0,1,исправил пунктуацию; из журнала - в журнале ,сотрудники
P135,22,неполное высшее,New8,6,2,0,0,0,1,исправил пунктуацию,0
P135,22,неполное высшее,New8,2,15,1,1,0,1,безопасной - беззаботной,стабильной
P136,18,неполное высшее,New8,6,2,0,0,0,1,исправил пунктуацию,0
P136,18,неполное высшее,New8,2,15,1,1,0,0,,рутинной
P137,18,неполное высшее,New8,6,2,1,1,0,1,исправил пунктуацию,сотрудники
P138,18,среднее,New8,6,2,0,0,0,1,исправил пунктуацию,0
P139,36,высшее,New8,6,2,1,1,0,1,исправил пунктуацию; опечатка,сотрудники
P140,23,неполное высшее,New8,6,2,0,0,0,1,исправил пунктуацию,0
P141,59,высшее,New8,6,2,0,0,0,1,исправил пунктуацию,0
P142,58,высшее,New8,6,2,1,1,0,0,,сотрудники
P143,18,неполное высшее,New8,6,2,1,1,1,0,,1
P144,42,высшее,New8,6,2,1,1,0,1,уважаемые - уважаемый,издатель
P145,21,неполное высшее,Last1,1,1,1,1,0,0,,оказалась
P145,21,неполное высшее,Last1,2,2,0,0,0,0,,0
P145,21,неполное высшее,Last1,3,3,0,0,0,0,,0
P145,21,неполное высшее,Last1,4,4,1,1,1,0,,1
P145,21,неполное высшее,Last1,5,5,1,1,1,0,,1
P145,21,неполное высшее,Last1,6,6,1,1,0,0,,сотрудники
P145,21,неполное высшее,Last1,8,7,1,1,1,0,,1
P145,21,неполное высшее,Last1,10,8,1,1,1,0,,1
P146,21,неполное высшее,Last1,1,1,1,1,1,0,,1
P146,21,неполное высшее,Last1,2,2,0,0,0,0,,0
P146,21,неполное высшее,Last1,3,3,0,0,0,0,,0
P146,21,неполное высшее,Last1,4,4,1,1,1,0,,1
P146,21,неполное высшее,Last1,5,5,1,1,1,0,,1
P146,21,неполное высшее,Last1,6,6,1,1,1,1,исправил пунктуацию,1
P146,21,неполное высшее,Last1,8,7,1,1,0,0,,границ
P146,21,неполное высшее,Last1,10,8,1,1,1,0,,1
P147,21,неполное высшее,Last1,1,1,1,1,1,0,,1
P147,21,неполное высшее,Last1,2,2,1,0,0,0,,0
P147,21,неполное высшее,Last1,3,3,0,0,0,1,свои - ' ',0
P147,21,неполное высшее,Last1,4,4,0,0,0,1,или - ' ',0
P147,21,неполное высшее,Last1,5,5,1,0,0,1,поменял структуру предложения,0
P147,21,неполное высшее,Last1,6,6,0,0,0,1,исправил пунктуацию,0
P147,21,неполное высшее,Last1,8,7,1,1,1,0,,1
P147,21,неполное высшее,Last1,10,8,0,0,0,1, ' - есть,0
P148,20,неполное высшее,Last1,1,1,1,1,0,0,,появилась
P148,20,неполное высшее,Last1,2,2,1,1,0,0,,обычной
P148,20,неполное высшее,Last1,3,3,0,0,0,0,,0
P148,20,неполное высшее,Last1,4,4,0,0,0,0,,0
P148,20,неполное высшее,Last1,5,5,1,1,1,0,,1
P148,20,неполное высшее,Last1,6,6,1,1,1,0,,1
P148,20,неполное высшее,Last1,8,7,1,1,0,0,,ограничения
P148,20,неполное высшее,Last1,10,8,0,0,0,0,,0
P149,20,неполное высшее,Last1,1,1,1,1,1,0,,1
P149,20,неполное высшее,Last1,2,2,1,1,1,0,,1
P149,20,неполное высшее,Last1,3,3,1,1,0,0,,стильный
P149,20,неполное высшее,Last1,4,4,0,0,0,1,исправил пунктуацию,0
P149,20,неполное высшее,Last1,5,5,1,0,0,0,,0
P149,20,неполное высшее,Last1,6,6,1,1,1,0,,1
P149,20,неполное высшее,Last1,8,7,1,1,0,0,,ограничения
P149,20,неполное высшее,Last1,10,8,1,1,1,0,,1
P150,20,неполное высшее,Last1,1,1,1,1,1,0,,1
P150,20,неполное высшее,Last1,2,2,1,1,0,0,,размеренной
P150,20,неполное высшее,Last1,3,3,1,1,0,0,,хайповый
P150,20,неполное высшее,Last1,4,4,1,1,1,0,,1
P150,20,неполное высшее,Last1,5,5,1,0,0,0,,0
P150,20,неполное высшее,Last1,6,6,1,1,1,0,,1
P150,20,неполное высшее,Last1,8,7,1,1,0,0,,границ
P150,20,неполное высшее,Last1,10,8,1,1,1,0,,1
P151,20,неполное высшее,Last1,1,1,1,1,0,1,около - рядом с ,появилась
P151,20,неполное высшее,Last1,2,2,0,0,0,0,,0
P151,20,неполное высшее,Last1,3,3,0,0,0,1,женские достоинства - женственность,0
P151,20,неполное высшее,Last1,4,4,1,1,0,1,много небольших изменений,избавиться от
P151,20,неполное высшее,Last1,5,5,0,0,0,0,,0
P151,20,неполное высшее,Last1,6,6,1,1,0,0,,сотрудники
P151,20,неполное высшее,Last1,8,7,1,1,0,0,,ограничения
P151,20,неполное высшее,Last1,10,8,1,1,1,0,,1
P152,24,неполное высшее,Last1,1,1,1,1,0,0,,появилась
P152,24,неполное высшее,Last1,2,2,1,1,0,0,,размеренной
P152,24,неполное высшее,Last1,3,3,0,0,0,1,свои - ' ',0
P152,24,неполное высшее,Last1,4,4,1,1,0,0,,уменьшить количество проблем
P152,24,неполное высшее,Last1,5,5,1,1,1,0,,1
P152,24,неполное высшее,Last1,6,6,1,1,0,1,журнала - редакции,сотрудники
P152,24,неполное высшее,Last1,8,7,1,1,1,0,,1
P152,24,неполное высшее,Last1,10,8,1,1,1,0,,1
P153,20,неполное высшее,Last1,1,1,1,1,0,0,,появилась
P153,20,неполное высшее,Last1,2,2,1,1,0,0,,стабильной
P153,20,неполное высшее,Last1,3,3,0,0,0,1,женские достоинства - женское достоинство; свои - ' ' ,0
P153,20,неполное высшее,Last1,4,4,0,0,0,0,,0
P153,20,неполное высшее,Last1,5,5,1,1,1,0,,1
P153,20,неполное высшее,Last1,6,6,1,1,0,0,,сотрудники
P153,20,неполное высшее,Last1,8,7,1,1,0,0,,ограничения
P153,20,неполное высшее,Last1,10,8,1,1,1,0,,1
P154,39,высшее,Last1,1,1,1,1,1,0,,1
P154,39,высшее,Last1,2,2,1,1,0,0,,стабильной
P154,39,высшее,Last1,3,3,0,0,0,1,свои - ' ' ,0
P154,39,высшее,Last1,4,4,0,0,0,1,исправил пунктуацию,0
P154,39,высшее,Last1,5,5,1,1,1,0,,1
P154,39,высшее,Last1,6,6,1,1,1,1,исправил пунктуацию; из журнала - в издании,1
P154,39,высшее,Last1,8,7,1,1,0,0,,конца
P154,39,высшее,Last1,10,8,1,1,1,0,,1
P155,21,неполное высшее,Last2,18,1,0,0,0,1,поменял структуру предложения,0
P155,21,неполное высшее,Last2,24,2,0,0,0,0,,0
P155,21,неполное высшее,Last2,7,3,0,0,0,0,,0
P155,21,неполное высшее,Last2,14,4,1,1,0,0,,разрушению
P155,21,неполное высшее,Last2,22,5,0,0,0,0,,0
P155,21,неполное высшее,Last2,16,6,0,0,0,0,,0
P155,21,неполное высшее,Last2,21,7,0,0,0,0,,0
P156,19,неполное высшее,Last2,18,1,0,0,0,1,поменял структуру предложения,0
P156,19,неполное высшее,Last2,24,2,1,1,1,0,,1
P156,19,неполное высшее,Last2,7,3,1,1,1,0,,1
P156,19,неполное высшее,Last2,14,4,1,1,0,0,,падению
P156,19,неполное высшее,Last2,22,5,1,1,1,0,,1
P156,19,неполное высшее,Last2,16,6,1,1,1,0,,1
P156,19,неполное высшее,Last2,21,7,1,1,1,0,,1
P157,18,неполное высшее,Last2,18,1,0,0,0,0,,0
P157,18,неполное высшее,Last2,24,2,1,1,1,0,,1
P157,18,неполное высшее,Last2,7,3,1,0,0,0,значительное - ' ' ,0
P157,18,неполное высшее,Last2,14,4,1,0,0,0,снижению,0
P157,18,неполное высшее,Last2,22,5,0,0,0,0,,0
P157,18,неполное высшее,Last2,16,6,1,1,1,0,,1
P157,18,неполное высшее,Last2,21,7,1,1,1,0,,1
P158,37,высшее,Last2,18,1,0,0,0,0,,0
P158,37,высшее,Last2,24,2,1,1,1,0,,1
P158,37,высшее,Last2,7,3,0,0,0,0,,0
P158,37,высшее,Last2,14,4,1,0,0,0,снижению,0
P158,37,высшее,Last2,22,5,1,1,1,0,,1
P158,37,высшее,Last2,16,6,1,1,0,0,,имеют
P158,37,высшее,Last2,21,7,1,1,1,0,,1
P159,22,неполное высшее,Last2,18,1,0,0,0,0,поменял структуру предложения,0
P159,22,неполное высшее,Last2,24,2,1,1,0,0,,упоминалось
P159,22,неполное высшее,Last2,7,3,1,0,0,0,знатное,0
P159,22,неполное высшее,Last2,14,4,1,0,0,0,снижению,0
P159,22,неполное высшее,Last2,22,5,1,1,1,0,,1
P159,22,неполное высшее,Last2,16,6,1,1,1,0,,1
P159,22,неполное высшее,Last2,21,7,0,0,0,0,,0
P160,25,среднее,Last2,18,1,1,1,1,1,что - это,1
P160,25,среднее,Last2,24,2,0,0,0,0,,0
P160,25,среднее,Last2,7,3,0,0,0,0,,0
P160,25,среднее,Last2,14,4,0,0,0,0,,0
P160,25,среднее,Last2,22,5,0,0,0,0,,0
P160,25,среднее,Last2,16,6,0,0,0,0,,0
P160,25,среднее,Last2,21,7,0,0,0,0,,0
P161,21,неполное высшее,Last2,18,1,0,0,0,1,постройки - здания,0
P161,21,неполное высшее,Last2,24,2,1,1,1,0,,1
P161,21,неполное высшее,Last2,7,3,1,1,1,0,,1
P161,21,неполное высшее,Last2,14,4,1,1,0,0,,спаду
P161,21,неполное высшее,Last2,22,5,1,1,1,0,,1
P161,21,неполное высшее,Last2,16,6,1,1,1,0,,1
P161,21,неполное высшее,Last2,21,7,1,1,0,1, ' - в,вызвали
P162,59,высшее,Last2,18,1,0,0,0,1,поменял структуру предложения,0
P162,59,высшее,Last2,24,2,1,1,1,1,WO,1
P162,59,высшее,Last2,7,3,1,1,0,0,,большое
P162,59,высшее,Last2,14,4,1,0,0,0,снижению,0
P162,59,высшее,Last2,22,5,1,1,1,0,,1
P162,59,высшее,Last2,16,6,1,1,0,1,поменял структуру предложения,как влияют на 
P162,59,высшее,Last2,21,7,1,1,1,0,,1
P163,60,высшее,Last2,18,1,1,1,1,1,постройки - дома,1
P163,60,высшее,Last2,24,2,1,1,0,1,различными - разными,говорилось
P163,60,высшее,Last2,7,3,1,1,0,0,,большое
P163,60,высшее,Last2,14,4,1,1,0,0,,падению
P163,60,высшее,Last2,22,5,1,1,1,0,,1
P163,60,высшее,Last2,16,6,1,1,1,0,,1
P163,60,высшее,Last2,21,7,1,1,1,0,,1
P164,60,высшее,Last2,18,1,0,0,0,1,лифты и мусоропроводы - SG,0
P164,60,высшее,Last2,24,2,1,1,1,0,,1
P164,60,высшее,Last2,7,3,1,1,1,0,,1
P164,60,высшее,Last2,14,4,1,1,0,0,,стагнации
P164,60,высшее,Last2,22,5,1,1,1,0,,1
P164,60,высшее,Last2,16,6,1,1,1,0,,1
P164,60,высшее,Last2,21,7,1,1,1,0,,1
P165,25,высшее,Last2,18,1,0,0,0,0,,0
P165,25,высшее,Last2,24,2,1,1,0,0,,мы замечали ранее
P165,25,высшее,Last2,7,3,0,0,0,0,,0
P165,25,высшее,Last2,14,4,0,0,0,0,,0
P165,25,высшее,Last2,22,5,0,0,0,0,,0
P165,25,высшее,Last2,16,6,1,1,1,0,,1
P165,25,высшее,Last2,21,7,0,0,0,1,"и - как и, так и",0
P166,19,неполное высшее,Last2,18,1,0,0,0,1,что - это,0
P166,19,неполное высшее,Last2,24,2,0,0,0,1,WO,0
P166,19,неполное высшее,Last2,7,3,1,1,0,1,поменял структуру предложения,мне очень хотелось
P166,19,неполное высшее,Last2,14,4,1,1,0,0,,деградации
P166,19,неполное высшее,Last2,22,5,1,0,0,1,поменял структуру предложения,0
P166,19,неполное высшее,Last2,16,6,1,1,1,0,,1
P166,19,неполное высшее,Last2,21,7,0,0,0,1,"и - как, так и",0
P167,20,неполное высшее,Last2,18,1,0,0,0,1,поменял структуру предложения,0
P167,20,неполное высшее,Last2,24,2,1,1,1,0,,1
P167,20,неполное высшее,Last2,7,3,1,1,0,0,,большое
P167,20,неполное высшее,Last2,14,4,1,1,0,0,,ослаблению
P167,20,неполное высшее,Last2,22,5,1,1,1,0,,1
P167,20,неполное высшее,Last2,16,6,1,1,1,0,,1
P167,20,неполное высшее,Last2,21,7,1,1,1,0,,1
P168,20,неполное высшее,Last2,18,1,0,0,0,1,постройки - строения,0
P168,20,неполное высшее,Last2,24,2,0,0,0,0,,0
P168,20,неполное высшее,Last2,7,3,0,0,0,0,,0
P168,20,неполное высшее,Last2,14,4,1,0,0,0,ухудшению,0
P168,20,неполное высшее,Last2,22,5,1,1,1,0,,1
P168,20,неполное высшее,Last2,16,6,1,1,1,0,,1
P168,20,неполное высшее,Last2,21,7,0,0,0,0,,0
P169,50,высшее,Last2,18,1,0,0,0,0,,0
P169,50,высшее,Last2,24,2,1,1,1,0,,1
P169,50,высшее,Last2,7,3,1,1,0,0,,большое
P169,50,высшее,Last2,14,4,1,0,0,0,снижению,0
P169,50,высшее,Last2,22,5,1,1,1,0,,1
P169,50,высшее,Last2,16,6,1,1,1,0,,1
P169,50,высшее,Last2,21,7,1,1,1,0,,1
P170,22,неполное высшее,Last2,18,1,0,0,0,1,постройки - их,0
P170,22,неполное высшее,Last2,24,2,1,1,0,1,различными - разными,было замечено
P170,22,неполное высшее,Last2,7,3,1,1,0,0,,большое
P170,22,неполное высшее,Last2,14,4,0,0,0,0,,0
P170,22,неполное высшее,Last2,22,5,0,0,0,0,,0
P170,22,неполное высшее,Last2,16,6,0,0,0,0,,0
P170,22,неполное высшее,Last2,21,7,1,1,1,0,,1
P171,22,высшее,Last2,18,1,0,0,0,0,,0
P171,22,высшее,Last2,24,2,1,1,1,0,,1
P171,22,высшее,Last2,7,3,0,0,0,0,,0
P171,22,высшее,Last2,14,4,1,0,0,0,ухудшению,0
P171,22,высшее,Last2,22,5,1,1,1,0,,1
P171,22,высшее,Last2,16,6,1,1,1,0,,1
P171,22,высшее,Last2,21,7,1,1,1,0,,1
P172,20,неполное высшее,Last2,18,1,0,0,0,1,поменял структуру предложения,0
P172,20,неполное высшее,Last2,24,2,0,0,0,0,,0
P172,20,неполное высшее,Last2,7,3,0,0,0,0,,0
P172,20,неполное высшее,Last2,14,4,1,1,0,0,,стагнации
P172,20,неполное высшее,Last2,22,5,1,0,0,0,более жестокие,0
P172,20,неполное высшее,Last2,16,6,1,1,0,0,,имеют
P172,20,неполное высшее,Last2,21,7,1,1,1,0,,1
P173,21,неполное высшее,Last2,18,1,0,0,0,0,,0
P173,21,неполное высшее,Last2,24,2,1,1,1,0,,1
P173,21,неполное высшее,Last2,7,3,1,1,0,0,,большое
P173,21,неполное высшее,Last2,14,4,1,0,0,0,снижению,0
P173,21,неполное высшее,Last2,22,5,0,0,0,0,,0
P173,21,неполное высшее,Last2,16,6,1,1,1,0,,1
P173,21,неполное высшее,Last2,21,7,1,1,1,0,,1
P174,21,неполное высшее,Last2,18,1,0,0,0,0,,0
P174,21,неполное высшее,Last2,24,2,1,1,1,0,,1
P174,21,неполное высшее,Last2,7,3,1,1,0,0,,большое
P174,21,неполное высшее,Last2,14,4,1,1,0,0,,понижению уровня
P174,21,неполное высшее,Last2,22,5,0,0,0,0,,0
P174,21,неполное высшее,Last2,16,6,1,1,1,0,,1
P174,21,неполное высшее,Last2,21,7,1,1,1,0,,1
P175,23,высшее,Last2,18,1,0,0,0,0,,0
P175,23,высшее,Last2,24,2,1,0,0,1,WO; как раз - именно,0
P175,23,высшее,Last2,7,3,1,1,0,1,WO,большое
P175,23,высшее,Last2,14,4,1,1,0,0,,деградации
P175,23,высшее,Last2,22,5,1,0,0,1,приняло - принимало; более жестокие,0
P175,23,высшее,Last2,16,6,1,0,0,1,поменял структуру предложения,0
P175,23,высшее,Last2,21,7,1,1,1,1,исправил пунктуацию,1
P176,22,высшее,Last2,18,1,1,1,1,1,постройки - здания; ' ' - для жизни,1
P176,22,высшее,Last2,24,2,1,1,0,0,,было сказано
P176,22,высшее,Last2,7,3,1,1,0,1,поменял структуру предложения,очень хотела
P176,22,высшее,Last2,14,4,1,1,1,0,,1
P176,22,высшее,Last2,22,5,1,1,1,0,,1
P176,22,высшее,Last2,16,6,1,1,1,0,,1
P176,22,высшее,Last2,21,7,1,1,1,0,,1
P177,20,неполное высшее,Last2,18,1,0,0,0,1,сделает - делает,0
P177,20,неполное высшее,Last2,24,2,0,0,0,0,,0
P177,20,неполное высшее,Last2,7,3,1,1,0,0,,большое
P177,20,неполное высшее,Last2,14,4,1,0,0,0,снижению,0
P177,20,неполное высшее,Last2,22,5,1,1,1,0,,1
P177,20,неполное высшее,Last2,16,6,1,1,1,0,,1
P177,20,неполное высшее,Last2,21,7,0,0,0,0,,0
P178,50,высшее,Last2,18,1,0,0,0,1,поменял структуру предложения,0
P178,50,высшее,Last2,24,2,1,1,1,1, ' - как раз и,1
P178,50,высшее,Last2,7,3,1,1,0,0,,большое
P178,50,высшее,Last2,14,4,1,1,0,0,,падению
P178,50,высшее,Last2,22,5,1,1,1,0,,1
P178,50,высшее,Last2,16,6,1,1,0,0,,
P178,50,высшее,Last2,21,7,1,1,1,0,,1
P179,22,неполное высшее,Last2,18,1,0,0,0,1,что  - потому что это,0
P179,22,неполное высшее,Last2,24,2,1,1,1,0,,1
P179,22,неполное высшее,Last2,7,3,1,1,0,0,,большое
P179,22,неполное высшее,Last2,14,4,1,0,0,0,снижению,0
P179,22,неполное высшее,Last2,22,5,1,1,1,0,,1
P179,22,неполное высшее,Last2,16,6,1,1,1,0,,1
P179,22,неполное высшее,Last2,21,7,1,1,1,0,,1
P180,21,неполное высшее,Last2,18,1,0,0,0,1,поменял структуру предложения; что - это,0
P180,21,неполное высшее,Last2,24,2,1,1,0,0,,упоминалось
P180,21,неполное высшее,Last2,7,3,1,1,1,0,,1
P180,21,неполное высшее,Last2,14,4,1,0,0,0,снижению,0
P180,21,неполное высшее,Last2,22,5,1,1,1,0,,1
P180,21,неполное высшее,Last2,16,6,1,1,1,0,,1
P180,21,неполное высшее,Last2,21,7,1,1,1,0,,1
P181,22,неполное высшее,Last2,18,1,0,0,0,1,поменял структуру предложения,0
P181,22,неполное высшее,Last2,24,2,1,1,1,0,,1
P181,22,неполное высшее,Last2,7,3,1,1,0,0,,большое
P181,22,неполное высшее,Last2,14,4,1,1,0,0,,регрессу
P181,22,неполное высшее,Last2,22,5,1,1,1,0,,1
P181,22,неполное высшее,Last2,16,6,1,1,0,1,поменял структуру предложения,как влияют на
P181,22,неполное высшее,Last2,21,7,1,1,1,0,,1
P182,25,среднее,Last3,20,1,0,0,0,0,,0
P182,25,среднее,Last3,29,2,0,0,0,0,,0
P182,25,среднее,Last3,15,3,0,0,0,1,чистой - ' ',0
P182,25,среднее,Last3,19,4,1,1,1,0,,1
P182,25,среднее,Last3,25,5,0,0,0,0,,0
P182,25,среднее,Last3,31,6,0,0,0,0,,0
P182,25,среднее,Last3,13,7,0,0,0,0,исправил пунктуацию,0
P183,60,высшее,Last3,20,1,0,0,0,0,,0
P183,60,высшее,Last3,29,2,1,1,1,0,,1
P183,60,высшее,Last3,15,3,1,0,0,0,ухудшается,0
P183,60,высшее,Last3,19,4,1,1,1,0,,1
P183,60,высшее,Last3,25,5,1,1,1,0,,1
P183,60,высшее,Last3,31,6,1,1,1,0,,1
P183,60,высшее,Last3,13,7,1,0,0,0,,0
P184,19,неполное высшее,Last3,20,1,0,0,0,0,,0
P184,19,неполное высшее,Last3,29,2,1,0,0,0,,0
P184,19,неполное высшее,Last3,15,3,0,0,0,0,,0
P184,19,неполное высшее,Last3,19,4,0,0,0,0,,0
P184,19,неполное высшее,Last3,25,5,1,1,1,0,,1
P184,19,неполное высшее,Last3,31,6,1,1,1,0,,1
P184,19,неполное высшее,Last3,13,7,0,0,0,0,,0
P185,21,неполное высшее,Last3,20,1,1,1,0,0,,настоящего
P185,21,неполное высшее,Last3,29,2,0,0,0,0,,0
P185,21,неполное высшее,Last3,15,3,1,1,0,1,поменял словосочетание,сильно ухудшается
P185,21,неполное высшее,Last3,19,4,0,0,0,0,,0
P185,21,неполное высшее,Last3,25,5,0,0,0,0,,0
P185,21,неполное высшее,Last3,31,6,1,1,1,0,,1
P185,21,неполное высшее,Last3,13,7,1,1,1,0,,1
P186,20,неполное высшее,Last3,20,1,1,1,1,0,,1
P186,20,неполное высшее,Last3,29,2,1,1,0,1,непосредственной - неотъемлемой,человека
P186,20,неполное высшее,Last3,15,3,1,1,0,1,поменял словосочетание,сильно ухудшается
P186,20,неполное высшее,Last3,19,4,1,1,1,0,,1
P186,20,неполное высшее,Last3,25,5,1,1,1,0,,1
P186,20,неполное высшее,Last3,31,6,1,1,1,0,,1
P186,20,неполное высшее,Last3,13,7,1,1,1,0,,1
P187,21,неполное высшее,Last3,20,1,1,0,0,0,,0
P187,21,неполное высшее,Last3,29,2,1,1,0,0,,человека
P187,21,неполное высшее,Last3,15,3,1,1,1,0,,1
P187,21,неполное высшее,Last3,19,4,1,1,1,0,,1
P187,21,неполное высшее,Last3,25,5,1,1,1,0,,1
P187,21,неполное высшее,Last3,31,6,1,1,1,0,,1
P187,21,неполное высшее,Last3,13,7,1,1,1,0,,1
P188,25,высшее,Last3,20,1,1,1,1,0,,1
P188,25,высшее,Last3,29,2,0,0,0,1,является непосредственной чертой - важная особенность,0
P188,25,высшее,Last3,15,3,1,1,0,1,поменял словосочетание,сильно снизилось
P188,25,высшее,Last3,19,4,1,1,1,0,,1
P188,25,высшее,Last3,25,5,1,1,1,0,,1
P188,25,высшее,Last3,31,6,1,1,1,0,,1
P188,25,высшее,Last3,13,7,0,0,0,1,первых же недовольствах - Sg,0
P189,21,неполное высшее,Last3,20,1,0,0,0,0,,0
P189,21,неполное высшее,Last3,29,2,1,1,1,0,,1
P189,21,неполное высшее,Last3,15,3,1,1,1,0,,1
P189,21,неполное высшее,Last3,19,4,1,1,1,0,,1
P189,21,неполное высшее,Last3,25,5,1,1,1,0,,1
P189,21,неполное высшее,Last3,31,6,1,1,1,0,,1
P189,21,неполное высшее,Last3,13,7,1,0,0,0,,0
P190,26,высшее,Last3,20,1,1,1,0,0,,настоящего
P190,26,высшее,Last3,29,2,1,1,0,0,,человеческие 
P190,26,высшее,Last3,15,3,1,1,0,0,,сильно
P190,26,высшее,Last3,19,4,1,1,1,0,,1
P190,26,высшее,Last3,25,5,1,1,1,0,,1
P190,26,высшее,Last3,31,6,1,1,1,0,,1
P190,26,высшее,Last3,13,7,1,1,1,0,,1
P191,50,высшее,Last3,20,1,1,1,1,0,,1
P191,50,высшее,Last3,29,2,1,1,0,1,любовь - страсть; непосредственной - неотъемлемой,человека
P191,50,высшее,Last3,15,3,1,1,0,1,поменял словосочетание,существенно снижается
P191,50,высшее,Last3,19,4,1,1,1,1,сказал - сообщил,1
P191,50,высшее,Last3,25,5,1,1,1,0,,1
P191,50,высшее,Last3,31,6,1,1,1,1,остановить - замедления; вернуть - сохранения,1
P191,50,высшее,Last3,13,7,1,1,1,1, ' - признаках; останавливалось - прекращалось,1
P192,21,неполное высшее,Last3,20,1,0,0,0,0,,0
P192,21,неполное высшее,Last3,29,2,0,0,0,0,,0
P192,21,неполное высшее,Last3,15,3,0,0,0,0,,0
P192,21,неполное высшее,Last3,19,4,0,0,0,0,,0
P192,21,неполное высшее,Last3,25,5,1,1,1,0,,1
P192,21,неполное высшее,Last3,31,6,1,1,1,0,,1
P192,21,неполное высшее,Last3,13,7,1,1,1,0,,1
P193,22,неполное высшее,Last3,20,1,0,0,0,1,и - ' ' ,0
P193,22,неполное высшее,Last3,29,2,0,0,0,0,,0
P193,22,неполное высшее,Last3,15,3,1,1,1,1,поменял словосочетание; уменьшается - снижается,1
P193,22,неполное высшее,Last3,19,4,0,0,0,0,,0
P193,22,неполное высшее,Last3,25,5,1,1,1,1,студенческий  - ' ',1
P193,22,неполное высшее,Last3,31,6,0,0,0,0,,0
P193,22,неполное высшее,Last3,13,7,1,1,1,0,,1
P194,20,неполное высшее,Last3,20,1,0,0,0,0,,0
P194,20,неполное высшее,Last3,29,2,1,0,0,0,,0
P194,20,неполное высшее,Last3,15,3,1,1,0,1,поменял словосочетание,стремительно ухудшается
P194,20,неполное высшее,Last3,19,4,1,1,1,0,,1
P194,20,неполное высшее,Last3,25,5,1,1,1,0,,1
P194,20,неполное высшее,Last3,31,6,1,1,1,0,,1
P194,20,неполное высшее,Last3,13,7,1,1,1,0,,1
P195,25,высшее,Last3,20,1,0,0,0,1,теории - теорию,0
P195,25,высшее,Last3,29,2,1,0,0,0,,0
P195,25,высшее,Last3,15,3,0,0,0,0,,0
P195,25,высшее,Last3,19,4,0,0,0,0,,0
P195,25,высшее,Last3,25,5,1,1,1,0,,1
P195,25,высшее,Last3,31,6,0,0,0,0,,0
P195,25,высшее,Last3,13,7,0,0,0,0,,0
P196,26,среднее,Last3,20,1,1,1,0,0,,настоящего
P196,26,среднее,Last3,29,2,1,1,0,1,непосредственной - определяющей,равные
P196,26,среднее,Last3,15,3,1,1,0,1,поменял словосочетание,сильно ухудшается
P196,26,среднее,Last3,19,4,1,1,1,1,намерения - намерений,1
P196,26,среднее,Last3,25,5,1,1,1,1,студенческий - молодёжный,1
P196,26,среднее,Last3,31,6,1,1,1,0,,1
P196,26,среднее,Last3,13,7,1,0,0,1,убиралось - откладывалось,0
P197,60,высшее,Last3,20,1,1,1,0,0,,настоящего
P197,60,высшее,Last3,29,2,1,1,0,0,,человека
P197,60,высшее,Last3,15,3,1,1,1,0,,1
P197,60,высшее,Last3,19,4,1,1,1,0,,1
P197,60,высшее,Last3,25,5,1,1,1,0,,1
P197,60,высшее,Last3,31,6,1,1,1,0,,1
P197,60,высшее,Last3,13,7,1,0,0,0,,0
P198,59,высшее,Last3,20,1,1,1,0,0,,настоящего
P198,59,высшее,Last3,29,2,1,1,1,0,,1
P198,59,высшее,Last3,15,3,0,0,0,1,уменьшается - ухудшается,0
P198,59,высшее,Last3,19,4,1,1,1,0,,1
P198,59,высшее,Last3,25,5,1,1,1,0,,1
P198,59,высшее,Last3,31,6,1,1,1,0,,1
P198,59,высшее,Last3,13,7,1,0,0,0,,0
P199,20,неполное высшее,Last3,20,1,1,1,0,0,,настоящего
P199,20,неполное высшее,Last3,29,2,0,0,0,1,непосредственной - неотъемлемой,0
P199,20,неполное высшее,Last3,15,3,1,1,0,0,,стремительно
P199,20,неполное высшее,Last3,19,4,1,1,1,0,,1
P199,20,неполное высшее,Last3,25,5,1,1,1,0,,1
P199,20,неполное высшее,Last3,31,6,1,1,1,1,процесс - ' ' ,1
P199,20,неполное высшее,Last3,13,7,0,0,0,1, ' - признаках,0
P200,20,неполное высшее,Last3,20,1,1,1,0,0,,настоящего
P200,20,неполное высшее,Last3,29,2,0,0,0,1,непосредственной - неотъемлемой; ' ' - непосредственно,0
P200,20,неполное высшее,Last3,15,3,1,0,0,1,грандиозно - грандиозными темпами,0
P200,20,неполное высшее,Last3,19,4,1,1,1,0,,1
P200,20,неполное высшее,Last3,25,5,1,1,1,0,,1
P200,20,неполное высшее,Last3,31,6,1,1,1,0,,1
P200,20,неполное высшее,Last3,13,7,0,0,0,1,убиралось - откладывалось,0
P201,45,высшее,Last3,20,1,1,1,1,1,WO,1
P201,45,высшее,Last3,29,2,1,1,0,1,непосредственной - неотъемлемой,человека
P201,45,высшее,Last3,15,3,1,1,0,0,,стремительно
P201,45,высшее,Last3,19,4,1,1,1,0,,1
P201,45,высшее,Last3,25,5,1,1,1,0,,1
P201,45,высшее,Last3,31,6,1,1,1,0,,1
P201,45,высшее,Last3,13,7,1,1,1,0,,1
P202,22,неполное высшее,Last3,20,1,1,1,0,0,,настоящего
P202,22,неполное высшее,Last3,29,2,1,1,0,0,,людей
P202,22,неполное высшее,Last3,15,3,1,1,0,0,,сильно
P202,22,неполное высшее,Last3,19,4,1,1,1,0,,1
P202,22,неполное высшее,Last3,25,5,1,1,0,0,,высказать
P202,22,неполное высшее,Last3,31,6,1,1,1,0,,1
P202,22,неполное высшее,Last3,13,7,1,0,0,0,,0
P203,21,неполное высшее,Last3,20,1,0,0,0,0,,0
P203,21,неполное высшее,Last3,29,2,1,1,1,0,,1
P203,21,неполное высшее,Last3,15,3,1,0,0,0,,0
P203,21,неполное высшее,Last3,19,4,1,1,1,0,,1
P203,21,неполное высшее,Last3,25,5,1,1,1,0,,1
P203,21,неполное высшее,Last3,31,6,1,1,1,0,,1
P203,21,неполное высшее,Last3,13,7,1,1,1,0,,1
P204,20,неполное высшее,Last3,20,1,0,0,0,0,,0
P204,20,неполное высшее,Last3,29,2,1,1,0,0,,человеческие
P204,20,неполное высшее,Last3,15,3,1,1,0,0,,сильно
P204,20,неполное высшее,Last3,19,4,0,0,0,0,,0
P204,20,неполное высшее,Last3,25,5,1,1,1,0,,1
P204,20,неполное высшее,Last3,31,6,1,1,1,0,,1
P204,20,неполное высшее,Last3,13,7,1,1,1,0,,1
P205,21,неполное высшее,Last3,20,1,1,1,0,0,,настоящего
P205,21,неполное высшее,Last3,29,2,1,1,0,0,,человека
P205,21,неполное высшее,Last3,15,3,1,1,0,0,,существенно
P205,21,неполное высшее,Last3,19,4,1,1,1,0,,1
P205,21,неполное высшее,Last3,25,5,1,1,1,0,,1
P205,21,неполное высшее,Last3,31,6,1,1,1,0,,1
P205,21,неполное высшее,Last3,13,7,1,1,1,1, ' - проявлениях; сословия - сословием,1
P206,31,высшее,Last3,20,1,0,0,0,0,,0
P206,31,высшее,Last3,29,2,1,1,1,0,,1
P206,31,высшее,Last3,15,3,0,0,0,1,уменьшается - ухудшается,0
P206,31,высшее,Last3,19,4,0,0,0,0,,0
P206,31,высшее,Last3,25,5,0,0,0,1,свое - их,0
P206,31,высшее,Last3,31,6,1,1,1,0,,1
P206,31,высшее,Last3,13,7,1,0,0,0,,0
P207,21,неполное высшее,Last3,20,1,0,0,0,0,,0
P207,21,неполное высшее,Last3,29,2,1,1,1,0,,1
P207,21,неполное высшее,Last3,15,3,0,0,0,1,уменьшается - снижается,0
P207,21,неполное высшее,Last3,19,4,0,0,0,0,,0
P207,21,неполное высшее,Last3,25,5,1,1,1,0,,1
P207,21,неполное высшее,Last3,31,6,1,1,1,0,,1
P207,21,неполное высшее,Last3,13,7,1,0,0,0,,0
P208,22,неполное высшее,Last3,20,1,1,1,1,0,,1
P208,22,неполное высшее,Last3,29,2,1,0,0,0,,0
P208,22,неполное высшее,Last3,15,3,1,1,1,0,,1
P208,22,неполное высшее,Last3,19,4,0,0,0,0,,0
P208,22,неполное высшее,Last3,25,5,0,0,0,0,,0
P208,22,неполное высшее,Last3,31,6,1,1,1,0,,1
P208,22,неполное высшее,Last3,13,7,1,1,1,0,,1
P209,19,неполное высшее,Last4,23,1,1,1,1,0,,1
P209,19,неполное высшее,Last4,26,2,1,0,0,1,проблемы - отклонения,0
P209,19,неполное высшее,Last4,27,3,1,1,1,0,,1
P209,19,неполное высшее,Last4,28,4,1,1,1,0,,1
P209,19,неполное высшее,Last4,30,5,1,1,1,0,,1
P209,19,неполное высшее,Last4,32,6,1,1,1,0,,1
P209,19,неполное высшее,Last4,17,7,0,0,0,0,,0
P210,25,среднее,Last4,23,1,0,0,0,0,,0
P210,25,среднее,Last4,26,2,0,0,0,0,,0
P210,25,среднее,Last4,27,3,0,0,0,1,эти - новые,0
P210,25,среднее,Last4,28,4,0,0,0,1,исправил пунктуацию,0
P210,25,среднее,Last4,30,5,0,0,0,1,но - ' ',0
P210,25,среднее,Last4,32,6,0,0,0,0,,0
P210,25,среднее,Last4,17,7,0,0,0,0,,0
P211,60,высшее,Last4,23,1,1,1,0,0,,выгодную
P211,60,высшее,Last4,26,2,1,1,1,0,,1
P211,60,высшее,Last4,27,3,1,1,0,1,транспорта - транспортировки,методы транспортировки
P211,60,высшее,Last4,28,4,0,0,0,0,,0
P211,60,высшее,Last4,30,5,1,1,1,0,,1
P211,60,высшее,Last4,32,6,1,1,1,0,,1
P211,60,высшее,Last4,17,7,1,1,1,0,,1
P212,22,высшее,Last4,23,1,1,1,0,0,,сильную
P212,22,высшее,Last4,26,2,1,1,1,0,,1
P212,22,высшее,Last4,27,3,1,1,1,0,,1
P212,22,высшее,Last4,28,4,1,1,1,0,,1
P212,22,высшее,Last4,30,5,1,1,0,0,,возрастут
P212,22,высшее,Last4,32,6,1,1,1,0,,1
P212,22,высшее,Last4,17,7,1,1,1,0,,1
P213,19,неполное высшее,Last4,23,1,1,1,0,1,национальными предприятиями - государственными компаниями; позицию - положение,привилегированное положение
P213,19,неполное высшее,Last4,26,2,0,0,0,0,,0
P213,19,неполное высшее,Last4,27,3,1,1,1,1,0,1
P213,19,неполное высшее,Last4,28,4,0,0,0,0,,0
P213,19,неполное высшее,Last4,30,5,1,1,0,1,шансы - шанс,будут
P213,19,неполное высшее,Last4,32,6,1,1,1,0,,1
P213,19,неполное высшее,Last4,17,7,1,1,1,0,,1
P214,24,высшее,Last4,23,1,1,1,0,1,позицию - положение,выгодное положение
P214,24,высшее,Last4,26,2,1,1,1,0,,1
P214,24,высшее,Last4,27,3,1,1,1,0,,1
P214,24,высшее,Last4,28,4,1,1,1,0,,1
P214,24,высшее,Last4,30,5,1,1,1,1,шансы - шанс,1
P214,24,высшее,Last4,32,6,1,1,1,0,,1
P214,24,высшее,Last4,17,7,1,1,1,0,,1
P215,20,неполное высшее,Last4,23,1,1,1,1,1,обретают - приобретают,1
P215,20,неполное высшее,Last4,26,2,1,1,0,0,,с психикой
P215,20,неполное высшее,Last4,27,3,1,1,0,1,поменял словосочетание,транспортные средства
P215,20,неполное высшее,Last4,28,4,1,1,1,0,,1
P215,20,неполное высшее,Last4,30,5,1,1,0,1,шансы - шанс; зная - понимая,представится
P215,20,неполное высшее,Last4,32,6,1,1,1,0,,1
P215,20,неполное высшее,Last4,17,7,1,1,0,0,,выбросы
P216,21,неполное высшее,Last4,23,1,1,1,0,0,,сильную
P216,21,неполное высшее,Last4,26,2,0,0,0,0,,0
P216,21,неполное высшее,Last4,27,3,1,1,1,1,лучше - безопаснее,1
P216,21,неполное высшее,Last4,28,4,0,0,0,0,,0
P216,21,неполное высшее,Last4,30,5,1,1,1,1,шансы - шанс,1
P216,21,неполное высшее,Last4,32,6,1,1,1,0,,1
P216,21,неполное высшее,Last4,17,7,1,1,0,0,,выбросы
P217,50,высшее,Last4,23,1,1,1,0,1,обретают - приобретают; поменял словосочетание,преимущественное положение
P217,50,высшее,Last4,26,2,1,1,1,0,,1
P217,50,высшее,Last4,27,3,1,1,1,1,лучше - предпочтительнее,1
P217,50,высшее,Last4,28,4,1,1,1,0,,1
P217,50,высшее,Last4,30,5,1,0,0,1,поменял структуру предложения,0
P217,50,высшее,Last4,32,6,1,1,1,0,,1
P217,50,высшее,Last4,17,7,0,0,0,0,,0
P218,21,неполное высшее,Last4,23,1,0,0,0,0,,0
P218,21,неполное высшее,Last4,26,2,0,0,0,0,,0
P218,21,неполное высшее,Last4,27,3,1,1,0,1,лучше - лучшими,методы транспортировки
P218,21,неполное высшее,Last4,28,4,0,0,0,0,,0
P218,21,неполное высшее,Last4,30,5,1,1,0,0,,выпадут
P218,21,неполное высшее,Last4,32,6,1,1,0,0,,стих
P218,21,неполное высшее,Last4,17,7,1,1,0,0,,выбросы
P219,22,неполное высшее,Last4,23,1,1,1,0,1,больше власти - большую власть,доминирующую
P219,22,неполное высшее,Last4,26,2,1,1,0,0,,с психикой
P219,22,неполное высшее,Last4,27,3,0,0,0,1,лучше - лучшими,0
P219,22,неполное высшее,Last4,28,4,1,1,1,0,,1
P219,22,неполное высшее,Last4,30,5,1,1,0,0,,будут
P219,22,неполное высшее,Last4,32,6,1,0,0,0,,0
P219,22,неполное высшее,Last4,17,7,1,1,0,0,,выбросы
P220,60,высшее,Last4,23,1,1,1,0,0,,выгодную
P220,60,высшее,Last4,26,2,1,1,1,0,,1
P220,60,высшее,Last4,27,3,1,1,1,0,,1
P220,60,высшее,Last4,28,4,1,1,1,0,,1
P220,60,высшее,Last4,30,5,1,1,0,1,шансы - шанс,выпадут
P220,60,высшее,Last4,32,6,1,1,1,0,,1
P220,60,высшее,Last4,17,7,1,1,1,0,,1
P221,59,высшее,Last4,23,1,1,1,0,0,,выгодную
P221,59,высшее,Last4,26,2,1,1,1,0,,1
P221,59,высшее,Last4,27,3,1,1,1,0,,1
P221,59,высшее,Last4,28,4,1,1,1,0,,1
P221,59,высшее,Last4,30,5,1,1,1,0,,1
P221,59,высшее,Last4,32,6,1,1,1,0,,1
P221,59,высшее,Last4,17,7,1,1,1,0,,1
P222,20,неполное высшее,Last4,23,1,1,1,0,0,,выгодную
P222,20,неполное высшее,Last4,26,2,1,1,1,0,,1
P222,20,неполное высшее,Last4,27,3,1,1,0,1,поменял словосочетание,транспортные средства
P222,20,неполное высшее,Last4,28,4,1,1,1,0,,1
P222,20,неполное высшее,Last4,30,5,1,1,1,0,,1
P222,20,неполное высшее,Last4,32,6,1,1,1,0,,1
P222,20,неполное высшее,Last4,17,7,1,1,0,0,,выбросы
P223,21,неполное высшее,Last4,23,1,1,0,0,0,,0
P223,21,неполное высшее,Last4,26,2,1,1,1,0,,1
P223,21,неполное высшее,Last4,27,3,0,0,0,0,,0
P223,21,неполное высшее,Last4,28,4,1,1,1,0,,1
P223,21,неполное высшее,Last4,30,5,1,1,1,1,шансы - шанс,1
P223,21,неполное высшее,Last4,32,6,1,1,1,0,,1
P223,21,неполное высшее,Last4,17,7,1,1,0,0,,выбросы
P224,21,неполное высшее,Last4,23,1,1,1,0,0,,хорошую
P224,21,неполное высшее,Last4,26,2,0,0,0,0,,0
P224,21,неполное высшее,Last4,27,3,1,1,1,0,,1
P224,21,неполное высшее,Last4,28,4,0,0,0,0,,0
P224,21,неполное высшее,Last4,30,5,1,1,1,1,шансы - шанс,1
P224,21,неполное высшее,Last4,32,6,1,1,1,0,,1
P224,21,неполное высшее,Last4,17,7,1,1,1,0,,1
P225,21,неполное высшее,Last4,23,1,1,1,0,0,,доминирующую
P225,21,неполное высшее,Last4,26,2,0,0,0,0,,0
P225,21,неполное высшее,Last4,27,3,1,1,1,0,,1
P225,21,неполное высшее,Last4,28,4,1,1,1,0,,1
P225,21,неполное высшее,Last4,30,5,1,1,1,1,шансы - шанс,1
P225,21,неполное высшее,Last4,32,6,1,1,1,0,,1
P225,21,неполное высшее,Last4,17,7,1,1,1,0,,1
P226,21,неполное высшее,Last4,23,1,0,0,0,0,,0
P226,21,неполное высшее,Last4,26,2,1,1,1,0,,1
P226,21,неполное высшее,Last4,27,3,1,1,1,0,,1
P226,21,неполное высшее,Last4,28,4,0,0,0,0,,0
P226,21,неполное высшее,Last4,30,5,1,1,1,0,,1
P226,21,неполное высшее,Last4,32,6,1,1,1,0,,1
P226,21,неполное высшее,Last4,17,7,0,0,0,0,,0
P227,21,неполное высшее,Last4,23,1,1,0,0,0,,0
P227,21,неполное высшее,Last4,26,2,1,1,1,0,,1
P227,21,неполное высшее,Last4,27,3,1,0,0,0,,0
P227,21,неполное высшее,Last4,28,4,0,0,0,1,WO,0
P227,21,неполное высшее,Last4,30,5,1,1,0,0,,будут
P227,21,неполное высшее,Last4,32,6,1,1,1,0,,1
P227,21,неполное высшее,Last4,17,7,1,1,0,0,,выбросы
P228,20,неполное высшее,Last4,23,1,1,1,0,1, ' - более,выгодную
P228,20,неполное высшее,Last4,26,2,1,1,1,0,,1
P228,20,неполное высшее,Last4,27,3,1,1,0,0,,методы транспортировки
P228,20,неполное высшее,Last4,28,4,0,0,0,1,ее гладить - заниматься глажкой,0
P228,20,неполное высшее,Last4,30,5,1,1,1,0,,1
P228,20,неполное высшее,Last4,32,6,1,1,1,0,,1
P228,20,неполное высшее,Last4,17,7,0,0,0,0,,0
P229,21,высшее,Last4,23,1,0,0,0,1,их - эти корпорации,0
P229,21,высшее,Last4,26,2,0,0,0,0,,0
P229,21,высшее,Last4,27,3,1,1,1,0,,1
P229,21,высшее,Last4,28,4,1,1,1,0,,1
P229,21,высшее,Last4,30,5,1,1,0,0,,будут
P229,21,высшее,Last4,32,6,1,1,1,0,,1
P229,21,высшее,Last4,17,7,1,1,0,0,,выбросы
P230,20,неполное высшее,Last4,23,1,0,0,0,0,,0
P230,20,неполное высшее,Last4,26,2,1,1,1,0,,1
P230,20,неполное высшее,Last4,27,3,1,1,0,1,поменял словосочетание,транспортные средства
P230,20,неполное высшее,Last4,28,4,1,1,1,0,,1
P230,20,неполное высшее,Last4,30,5,1,0,0,0,,0
P230,20,неполное высшее,Last4,32,6,1,1,1,0,,1
P230,20,неполное высшее,Last4,17,7,1,1,0,0,,
P231,22,высшее,Last4,23,1,1,1,1,0,,1
P231,22,высшее,Last4,26,2,1,1,1,0,,1
P231,22,высшее,Last4,27,3,1,1,0,1,поменял словосочетание,транспортные средства
P231,22,высшее,Last4,28,4,1,1,1,1,ее - одежду,1
P231,22,высшее,Last4,30,5,1,1,1,1,шансы - шанс,1
P231,22,высшее,Last4,32,6,1,1,1,0,,1
P231,22,высшее,Last4,17,7,1,1,0,0,,выбросы
P232,21,неполное высшее,Last4,23,1,1,1,0,0,,выгодную
P232,21,неполное высшее,Last4,26,2,1,1,1,0,,1
P232,21,неполное высшее,Last4,27,3,1,0,0,0,,0
P232,21,неполное высшее,Last4,28,4,1,1,1,1,одежды - ' '; исправил пунктуацию,1
P232,21,неполное высшее,Last4,30,5,0,0,0,0,,0
P232,21,неполное высшее,Last4,32,6,1,1,1,0,,1
P232,21,неполное высшее,Last4,17,7,1,1,0,0,,выбросы
P233,21,неполное высшее,Last4,23,1,1,1,0,0,,доминирующую
P233,21,неполное высшее,Last4,26,2,0,0,0,0,,0
P233,21,неполное высшее,Last4,27,3,0,0,0,1,лучше - менее вредными,0
P233,21,неполное высшее,Last4,28,4,1,1,1,0,,1
P233,21,неполное высшее,Last4,30,5,1,1,1,0,,1
P233,21,неполное высшее,Last4,32,6,1,1,1,0,,1
P233,21,неполное высшее,Last4,17,7,1,1,0,0,,выбросы
